mutation,s,freq,titv,mutcnts
A1540C,0.4,0.004424779,tv,0
A1553G,0.685,0.017699115,ti,4
A1553T,0.64,0.013274336,tv,2
A1562G,0.636666667,0.154867257,ti,30
A1562T,0.92,0.004424779,tv,1
A1567G,0.94,0.008849558,ti,0
A1592T,0.78,0.004424779,tv,4
A1718G,0.24,0.004424779,ti,0
A1729C,0.89,0.004424779,tv,0
A455G,0.63,0.051282051,ti,7
A455T,0.63,0.474358974,tv,19
C1341A,0.74,0.004424779,tv,0
C1375T,0.63,0.004424779,ti,0
C1547T,0.45,0.004424779,ti,0
C1550G,0.7,0.004424779,tv,0
C1550T,0.69,0.094594595,ti,2
C1563A,0.67,0.004424779,tv,0
C1563G,0.525,0.008849558,tv,1
C1591G,0.79,0.013274336,tv,0
C1591T,0.57,0.022123894,ti,3
C1593A,0.82,0.004424779,tv,0
C1607T,0.32,0.008849558,ti,1
C1610T,0.4,0.004424779,ti,0
C1619T,0.18,0.004424779,ti,0
C1736T,0.663333333,0.017699115,ti,0
G1561A,0.51,0.004424779,ti,0
G1622A,0.65,0.004424779,ti,0
G1624T,0.54,0.004424779,tv,0
G1716T,0.58,0.004424779,tv,0
G1724C,0.45,0.004424779,tv,0
T1529C,0.44,0.004424779,ti,0
T1549G,0.58,0.013274336,tv,0
T1655G,0.39,0.004424779,tv,0
T1731C,0.12,0.004424779,ti,0
T449C,0.52,0.039823009,ti,0